{"cameraMode":{"drawMode":0,"name":"Shaded","section":"Shading Mode"},"sceneLighting":true,"audioPlay":false,"sceneViewState":{"showFog":true,"showMaterialUpdate":false,"showSkybox":true,"showFlares":true,"showImageEffects":true,"showParticleSystems":true},"in2DMode":false,"pivot":{"x":206.54393005371095,"y":-77.5263671875,"z":-24.461854934692384},"rotation":{"x":-0.05473499745130539,"y":-0.9439336657524109,"z":0.202979177236557,"w":-0.2545396387577057},"size":270.856689453125,"orthographic":false}